epoch,time,train/box_loss,train/cls_loss,train/dfl_loss,metrics/precision(B),metrics/recall(B),metrics/mAP50(B),metrics/mAP50-95(B),val/box_loss,val/cls_loss,val/dfl_loss,lr/pg0,lr/pg1,lr/pg2
1,48.5392,1.17576,0.59858,1.31158,0.99233,0.98807,0.9948,0.66248,1.25685,0.51143,1.44835,0.000552035,0.000552035,0.000552035
2,73.2398,1.16474,0.56646,1.30849,0.99781,1,0.995,0.64458,1.2799,0.50818,1.45557,0.00108029,0.00108029,0.00108029
3,97.7889,1.16591,0.57428,1.30129,0.9962,1,0.995,0.66623,1.22698,0.52034,1.40979,0.00158103,0.00158103,0.00158103
4,122.618,1.15961,0.5831,1.28783,0.97091,0.99915,0.99418,0.63806,1.33122,0.49993,1.48803,0.00154323,0.00154323,0.00154323
5,147.9,1.17347,0.58347,1.29419,0.99759,1,0.995,0.60224,1.36377,0.50964,1.53822,0.00150197,0.00150197,0.00150197
6,173.863,1.14525,0.56258,1.28261,0.99542,0.99901,0.995,0.63673,1.30521,0.50416,1.45297,0.00146071,0.00146071,0.00146071
7,200.296,1.11667,0.55721,1.26671,0.99746,1,0.995,0.65099,1.2847,0.48398,1.48293,0.00141945,0.00141945,0.00141945
8,226.392,1.0908,0.53837,1.25423,0.99775,1,0.995,0.65389,1.25706,0.48011,1.45529,0.00137819,0.00137819,0.00137819
9,252.172,1.08503,0.54555,1.23594,0.99804,1,0.995,0.63057,1.25989,0.46163,1.47332,0.00133693,0.00133693,0.00133693
10,278.36,1.05594,0.52492,1.22428,0.98807,1,0.995,0.64929,1.20571,0.4775,1.44559,0.00129568,0.00129568,0.00129568
11,304.514,1.08573,0.53263,1.24328,0.99853,1,0.995,0.67196,1.21166,0.46257,1.42207,0.00125442,0.00125442,0.00125442
12,330.498,1.06982,0.52478,1.23718,0.99667,1,0.995,0.66068,1.25077,0.47368,1.45061,0.00121316,0.00121316,0.00121316
13,356.569,1.01944,0.49426,1.19581,0.99826,1,0.995,0.66252,1.24232,0.45414,1.42511,0.0011719,0.0011719,0.0011719
14,382.784,1.03661,0.50391,1.21128,0.99785,1,0.995,0.67475,1.19587,0.44032,1.42058,0.00113064,0.00113064,0.00113064
15,408.89,1.02287,0.50505,1.20963,0.99736,1,0.995,0.64286,1.25062,0.46316,1.46826,0.00108938,0.00108938,0.00108938
16,434.938,1.00141,0.50237,1.18928,0.99868,1,0.995,0.68022,1.16346,0.44531,1.43014,0.00104813,0.00104813,0.00104813
17,460.998,0.999,0.49507,1.19286,0.99747,1,0.995,0.6612,1.1964,0.44512,1.43597,0.00100687,0.00100687,0.00100687
18,487.155,0.98909,0.47624,1.18835,0.99834,1,0.995,0.64528,1.27983,0.45495,1.47071,0.00096561,0.00096561,0.00096561
19,513.39,1.00234,0.494,1.18506,0.9985,1,0.995,0.65591,1.22266,0.45268,1.44046,0.000924352,0.000924352,0.000924352
20,539.462,0.96594,0.46381,1.16618,0.99727,1,0.995,0.65347,1.21652,0.45302,1.42129,0.000883093,0.000883093,0.000883093
21,565.521,0.94449,0.46228,1.17206,0.99622,1,0.995,0.67373,1.19289,0.45789,1.42824,0.000841835,0.000841835,0.000841835
22,591.689,0.93821,0.45689,1.16478,0.99838,1,0.995,0.67787,1.20225,0.44133,1.41652,0.000800577,0.000800577,0.000800577
23,617.655,0.92994,0.45526,1.15241,0.99775,1,0.995,0.6751,1.21727,0.43303,1.45521,0.000759318,0.000759318,0.000759318
24,643.786,0.91687,0.45465,1.13546,0.99823,1,0.995,0.67483,1.21927,0.43992,1.4408,0.00071806,0.00071806,0.00071806
25,669.898,0.91255,0.44645,1.14129,0.98835,0.9993,0.99377,0.66502,1.23728,0.45699,1.44916,0.000676802,0.000676802,0.000676802
26,696.059,0.89948,0.44117,1.13339,0.99736,1,0.995,0.68118,1.19053,0.41537,1.41141,0.000635544,0.000635544,0.000635544
27,722.133,0.90623,0.44074,1.13561,0.99805,1,0.995,0.67833,1.20544,0.43018,1.44399,0.000594286,0.000594286,0.000594286
28,748.12,0.88865,0.43,1.12844,0.99766,1,0.995,0.68136,1.20273,0.44055,1.43767,0.000553027,0.000553027,0.000553027
29,774.194,0.87094,0.42868,1.11957,0.99825,1,0.995,0.68239,1.14076,0.40989,1.39862,0.000511769,0.000511769,0.000511769
30,800.389,0.87419,0.43343,1.11339,0.99865,1,0.995,0.68021,1.1811,0.4256,1.42022,0.000470511,0.000470511,0.000470511
31,827.047,0.79376,0.35688,1.15639,0.99733,1,0.995,0.6941,1.17695,0.42907,1.43212,0.000429253,0.000429253,0.000429253
32,852.988,0.77674,0.34805,1.1451,0.99757,1,0.995,0.69059,1.14726,0.41444,1.406,0.000387994,0.000387994,0.000387994
33,878.889,0.75904,0.3436,1.12452,0.99842,1,0.995,0.68942,1.15514,0.41184,1.426,0.000346736,0.000346736,0.000346736
34,904.656,0.7555,0.3378,1.12141,0.99828,1,0.995,0.68873,1.14351,0.4071,1.42584,0.000305478,0.000305478,0.000305478
35,930.389,0.7447,0.33758,1.12303,0.99838,1,0.995,0.69089,1.117,0.39736,1.40905,0.00026422,0.00026422,0.00026422
36,956.14,0.72492,0.33081,1.10884,0.99856,1,0.995,0.7034,1.11083,0.40596,1.40345,0.000222961,0.000222961,0.000222961
37,981.893,0.72276,0.33149,1.10709,0.99805,1,0.995,0.69304,1.12024,0.40025,1.40823,0.000181703,0.000181703,0.000181703
38,1007.6,0.69912,0.32416,1.09152,0.99831,1,0.995,0.69878,1.09996,0.4045,1.41056,0.000140445,0.000140445,0.000140445
39,1033.37,0.69787,0.32114,1.09407,0.99835,1,0.995,0.69589,1.10446,0.40003,1.40226,9.91865e-05,9.91865e-05,9.91865e-05
40,1059.19,0.68742,0.31771,1.07215,0.99842,1,0.995,0.70321,1.08553,0.39137,1.39233,5.79283e-05,5.79283e-05,5.79283e-05
